{
    "sum": 317434,
    "avr": 551.1006944444445,
    "sumMd": 14100,
    "avrMD": 587.5,
    "sumSD": 14231,
    "avrSD": 592.9583333333334,
    "max": 997,
    "min": 100
}