{
  "Sum": 1521.3600000000004,
  "min": 0.01,
  "max": 6.0,
  "average": 3.0427200000000005
}